273,"@Corriere in Italia, prima gli Italiani Dare la casa agli stranieri,DOPO che nessun Italiano sia costretto a vivere per strada o in macchina"
2710,Quei migranti che arrivano in palestra al Luzzatto li rispedisco tutti da dove sono venuti
2353,"Ma tanto prima i profughi! http://t.co/a08ITQgLdt http://t.co/kpLji577f0\"""
1661,"\""@LocoPalazzo: @matteosalvinimi stop immigrati! L`Italia agl italiani!!!!\"" PRRRR"
890,Nessuno che dice nulla su questo #mussulmano http://t.co/bmB6doobRi è l'#imam di cinisello in Italia #bastaislam
1447,Non ho visto nessun cattolico uccidere le imitazioni del Papa di Crozza.Gli islamici sono fuori dal mondo.Come voi della #lega d'altronde.
2780,"@AleGalvaniEdu  puoi anche attivare la vibrazione, infilartelo nel culo e andare a fare in culo insieme ai tuoi amici migranti"
844,Quanno c'arrivavo a #Roma me se riempiva 'rcore d'allegrezza! Mo' c'ho paura quanno che c'arrivo Tra negri sorci e rom me sento perso!
2364,"#Roma, #Raggi: ""In arrivo multe per chi rovista tra i #rifiuti"" I rom pagheranno sicuro: con scarpe usate e vecchie pentole #Romaèinpericolo"
2608,"Anno corrente calendario musulmano: 1436.Per alcuni la mentalità è ancora medievale, se non più arretrata, mi dispiace per loro"
1678,@marcepittella  si vede che non te ne importa niente della Basilicata.. Vattene tu e gli immigrati #noimmigratiinbasilicata
119,@Pontifex_it quando capirete tutti voi che i musulmani sono invasati e vanno lasciati stare sarà troppo tardi
2988,@enricovik @tantosec62 Facebook è dell'ebreo Zuckerberg cuculo sradicato sradicante come tutti ebrei perciò di sinistra pro neri gay rom
1753,"Milano, ladre rom senza contegno e umanità: rubano pure le urne con le... https://t.co/uLss0lM1er"
896,#agorarai Sono sempre i musulmani a chiedere la cittadinanza. Forse perchè vogliono invadere l' Italia senza integrarsi veramente?
2525,La Francia!! Deve mandare tutti i musulmani via dalla Francia!!
323,#desideroChe il mondo tiri l atomica su tutti i rom esistenti....gatti compresi....... L isis dive cazzo è quando serve.... #Lidl
2827,I profughi che vengono in Italia recano danni a loro stessi e noi se ne stessero in Africa perché qui non c'è più posto #nozingari
2873,“@indivanados: 700 migranti affogano ma nel frattempo vengono a galla tutti gli stronzi #MareOmnium http://t.co/vnq9sophtd”#fecciaitaliana
1668,"Vogliono la nostra tolleranza e sono i primi intolleranti. Si proprio gli islamici, non tutti ma abbastanza da fare danni immensi"
1494,"@GanziAndrea Certo che sono morti da porci;tutti i terroristi muoiono da porci,ma loro si definiscono martiri.StupranoUccidonoEmuoionMartiri"
2236,I gay vanno condannati a morte: scuola islamica chiusa dalle ... - Gay.it https://t.co/oaxF7aFYZG
2969,"#nonpagoaffitto Donna incinta aggredita da gruppo di immigrati. Abitanti: “Ora basta, iniziamo a fare le ronde” https://t.co/IsZoeGBIzd"
681,@SkyTG24 il nuovo stile di vita invocato dalla Boldrini! che retrogradi noi non-musulmani....non accogliere questa ricchezza culturale!
389,#Sala #Milano Ottimo lavoro! Citta sotto assedio.#Alfano:Stop profughi.necessario esercito x sicurezza cittadini https://t.co/8SHEeUqR06
1021,@gardenrosesSB @matteosalvinimi  L'islam odia il mondo. Unica soluzione è eliminarlo definitivamente dalla vita terrena.
2298,"Nn hai capito nulla :,  da noi la pedofilia è reato da loro è  legittimata da cultura islamica https://t.co/jzD66rHL9t"
2980,"@MauroLumini Abbiamo di tutto di + anche finti mussulmani che fanno le vittime uhhhhhhhh,finti terroristi.......una fiction........."
578,Se non lo avete capito rimarremo in Eu fino a quando gli Stranieri compreranno tutti i nostri gioielli lasciandoci con migranti e miseria
1394,"non è invasione islamica è invasione africana molto molto peggio. Sono stati protagonisti di massacri, per la loro… https://t.co/DBskXf89MQ"
2659,Non possiamo difenderci perché ci arrestano..se mi scade l'assicurazione della macchina e non rinnovo in tempo mi multano gli stranieri no
2408,Per il Nobel della pace 2015 sento puzza di islamicamente corretto. Come quello del 2014 #ipocriti #puntidivista
908,"quanto li hanno pagati , cinesi africani  romeni rom o limortacci loro? https://t.co/FT0gkIhvyu"
1377,@VirusRai2 In che mani siamo Poveri italiani tutti gli islamici che sono in Italia sono a favore del l'isis . La Spagna è più vicina di noi
1787,"Gli assassini terroristi  sono tutti islamici , i fatti lo dimostrano ...non lo vuoi capire ,puoi dire di essere un… https://t.co/J336ANZvEc"
2563,@ilgiornale Questo governo di infami ci seppellirà tutti #migranti non prima di averci spogliati di tutto. Lavoro d… https://t.co/IA05MZcH9H
431,Buongiorno a TUTTI gli amici/ amicheDi TW basta non abbiano il virus della DEMENZA pro immigrati e che votino x il Partito Demente cioè PD
1087,"@FmMosca @a_meluzzi loro si ribellano anche con tutto gratis e noi abbiamo perso già dal primo ""profugo""sbarcato"
2974,"Complimenti agli islamici x aver relegato le donne sotto un tendone alla loro festa. Una religione comprensiva, giusta, ecc Ma per favore."
1964,"Aumento casi morbillo?Ok.Siamo certi che gli immigrati,che raggiungono il nostro paese sono tutti vaccinati e non malati?Colpa dei  vaccini?"
528,"Ho molta paura in Italia e in Europa, perché ogni volta che i terroristi stanno facendo danni."
2233,Basta immigrati! Basta prevaricazione! Basta governi incapaci di garntirci sicurezza! Pugno di ferro https://t.co/DLC0iofxWS via @ilGiornale
1701,Roma è in bancarotta ma regala 12 milioni ai rom - il Giornale https://t.co/Y6uNVUHPTm #Roma #news
519,"profugo irascibile che non si calma neppure di fronte a 3 Carabinieri, al suo Paese sarebbe ""ai piombi"" con le os… https://t.co/zpaBPhfu3I"
1866,"@MediasetTgcom24 diciamo grazie e gente come @lauraboldrini  Pd,che invece di proteggerci spalancano le porte ai terroristi ISLAMICI!"
1500,#BastaIslam https://t.co/I34iM8YS2d ecco il video dopo la strage dove ragazzi #mussulmani esultano
266,@COISPpolizia @ilgiornale Dovrebbero sterilizzarlo tutti i rom
1849,"Io chiederei uno x uno agli #immigrati che sui mezzi pubblici si lamentano degli italiani e dell' #italia,cosa ci fanno esattamente qui?"
1844,Era un'islamico con la solita faccia di merda di tutti loro. https://t.co/CYVltczLIJ
1149,"Terroristi islamici bastardi e vigliacchi, stanno mettendo in ginocchio tutto il nord Africa: senza turismo Egitto, Tunisia, Marocco."
1928,@valerixxxevane @LucaNatural70 islamici mi sta sul caxxo io definirei merde terroristiche alla merce del potere
1000,"@gintronic4 secondo me è il motore della vita!... Cmq rispondi ai messaggi, negro musulmano"
2861,La strategia è invadere l' #Italia di profughi per poi condizionare. Pensare che abbiamo criminali sinistrati di #Stato complici #agorarai
2811,"Aveva ragione Oriana Fallaci.\""Non tutti i musulmani sono terroristi, ma tutti i terroristi sembra siano musulmani\""#JesuisCharlie"
368,Non esistono termini nella lingua italiana per dire quanto può fare schifo L #islam ! https://t.co/cgfjOuxurH
2540,"Se anche tu chiedi la chiusura di tutti i campi rom, firma e condividi questa petizione! - Firm... https://t.co/sgIFbZjBoT via @ChangeItalia"
1143,"Il cuore di Roma sommerso da bancarelle. Non immigrazione, criminalità organizzata #eccellenzeitaliane #cambiamo http://t.co/wB4SQSojMs"
1257,Terroristi!! Polemiche!! Inutile mandate tutti i musulmani da dove sono venuti!! E nn abbiamo più terroristi!!
2299,"@DrunkyBorghy Fai una cosa: portateli tutti a casa tua!!! Io a casa mia non li voglio, terroristi o non terroristi che siano!!!"
2810,@Alberto270567 non hai capito vero? Sgozzeranno tutti quelli che non conoscono il corano... anche te! Ah loro mangino kebab...GUSTOSO KEBAB!
2705,"Anche oggi salvati 4000 musulmani, saranno i nostri carnefici presto molto presto. Stop all'invasione dell'Islam è una religione bestiale"
2613,"Ci sono gli estremisti religiosi, i terroristi, i razzisti e tutti hanno in comune solo una cosa: infilatevi una gran mano in culo"
325,"@aryelmylly Col nemico islamico usare la forza anche se non serve, bloccando loro il canale finanziario. Mai mi piegherò al #PensieroUnico👎!"
2624,"@Autarith non solo avrei lasciato quelle due sgualdrine filo-islamiche lì a marcire, ma avrei spedito anche lui come bonus! Soldi bruciati!"
386,@mbartolotta63 @marpol55 @matteosalvinimi mi auguro che tutti quelli come voi un giorno si trovano sotto casa tutti rom e clandestini
2322,Anche oggi sono in arrivo 2000migranti dalla Libia avanti in italia ce posto per tutti vero @lauraboldrini ? Li puoi accogliere a casa tua
1940,"Crimini e degrado degli immigrati, Forza Nuova: “Gli italiani devono... https://t.co/Qg3vSnBQMV"
722,"I musulmani terroristi sono uguali a te. Vergognati, sei la donna piu'cattiva e piu' disgraziata di tutta Italia. Sei la rovina dell'Italia."
78,La mia proposta al problema #invasione e' questa: scarichiamo tutti immigrati e Zingari nelle regioni chi si sono riconsegnate al @pdnetwork
1496,"Frosinone – Ora i profughi ci portano anche la tubercolosi, caso accertato a Fiuggi https://t.co/AhH2nnpTgx"
1281,Fanno quel che cazzo vogliono... Grazie alla nostra politica che pensa solo ai propri interessi... #immigrati #rom… https://t.co/dANfgvQsFb
2275,@MarosticaR @matteosalvinimi si hai ragione ma sono talmente incazzata che dicendo immigrati ci sono tutti ! E sono tanti non se ne può più
132,i movimenti neonazisti leggittimati dalla putrescenza ideologica della sinistra e dalle follie dei loro alleati islamici!
1399,"https://t.co/iFxR22Foan💥BoldrinA questo è ciò che corano le tue ""RISORSE "" di merda oltre a uno stile di vita che ci stimola solo la PIPI'💣💥"
796,#CharlieHebdo e noi a Follonica facciamo la recita di natale a scuola con elefante al posto di Gesù per rispetto ai mussulmani...
19,@Sen_Pedica Stefano è ora che l' italia cominci a difendersi dall' islamismo e dall' immigrazione.per le mafie non credo che ci sia volontà
1541,"@LaStrisia @steATgroove tutti favorevoli alla accoglienza a parte quando i migranti li mettono nei loro quartieri, in quel caso cambiateidea"
1524,La #Pirelli è cinese e gli italiani sono sempre più stranieri in #Italia Ora si capisce perché vengono prima extracomunitari
1757,#Migranti e terroristi islamici quantè facile entrare in Italia #Migranti #e #terroristi #islamici: #quant'è ... https://t.co/pH89YNkh58
118,@matteorenzi Bisogna chiedere a ONU di gestire i milioni di profughi nel loro Continente. PORTARLI IN ITALIA È PAZZESCO.
1958,"con tutto il cuore ti  vorrei anche ascoltare, cara @RadioSubasio ... ma i nomadi .. no .. i nomadi non se possono digeri .."
1001,"Grillo: ""Adesso è il momento di proteggerci, rimpatriare subito tutti gli immigrati irregolari"" https://t.co/gJxpsdKwJn"
2431,"@matteorenzi Se accadesse un evento simile a Charlie Hebdo, in Italia, sareste unici responsab perché complici dell'immigrazione selvaggia!"
744,"@MatrixCanale5 non parlate ancora di lupi solitari o cani sciolti, sono terroristi assassini islamici, punto"
2293,La politica che si adotta e' ormai chiara: lasciare al destino della morte gli italiani e accogliere stranieri che portano sovvenzionamenti.
1499,"\""@TELADOIOLANIUS: In arrivo dalla Libia 1500 migranti da mantenereLi mandiamo a casa dei piddini e della Boldrini? http://t.co/vKlmek0Xtq\"""
1039,Il governo si occupa di immigrazione: recuperiamo i barconi vicino alle coste nordafricane e li portiamo in Italia... Basta!!! @forza_italia
2985,@AlessiaMorani Abbiamo l'Italia piena di clandestini potenziali delinquenti grazie ad una politica scellerata del governo sull'immigrazione!
2592,"Sardegna, i migranti prendono per il culo l'Italia: sono tutti algerini del 1985 di nome Mohammed | Riscatto... https://t.co/nTySlyyRT9"
2184,#Politica Le legittime schiave del sesso bambine dei musulmani. E l'Italia tace e acconsente di @barbarapavarot2  https://t.co/mvfGMmCm4T
878,@varesenews sempre marocchini...islamici delinquenti! Sempre loro non se ne può più di questa gentaglia! Via dall Italia!!!!
1565,#immigrati e io pago!!! @matteosalvinimi @matteorenzi  https://t.co/gSxfQ8vW0g
1230,"Invasione islamica del Colosseo al grido “Allahu Akbar”: scoppia la bufera, Roma stuprata https://t.co/ELjgREl2sn via @RiscattoNaz"
393,"Italia allo sbando, #rom chiedono il pizzo a clochard a Linate, ma sono #risorse https://t.co/VAzDXLV1lX via @ilGiornale @Nocentrisociali"
2404,@eziomauro @repubblicait e molti arriveranno in Italia quale 1° punto di approdo.Cornuti e mazziati. Basta #Renzi #alfano stop #immigrazione
158,Via gli stranieri che non lavorano ...siamo l Italia non facciamoci influenzare dalla Europa
1974,"Dopo #Berlino già siamo a #Istanbul. Il #terrorista è ancora in fuga. Ma l'#islam è pace, giusto? #stopisis"
1871,"@agorarai Gerardo, ci sono 100 milioni profughi pronti a venire qui. Li mandiamo a casa tua? Visto che sei mantenuto anche con le mie tasse?"
1099,"Ancora 5  anni di questo ricambio etnico e l'italia scomparirà culturalmente, l'Europa furbacchiona rifiuta i migranti, dobbiamo decidere..."
2077,@FCoglioni @erpedrini sti comunisti zecche perché non emigrano in Algeria Arabia ecc. visto che si trovano bene con i loro fratelli islamici
